Tag,Ids
python,"[71911980, 71482445, 73047143, 72243463, 72243721, 72251266, 72252860, 72252897, 72259217, 73046568, 72248377, 72278557, 72282419, 72296566, 72249726, 72286029, 72305273, 72283924, 72310049, 72310137, 72301027, 72304256, 72307807, 72324363, 72325388, 72325479, 72298797, 72341470, 72355804, 72356040, 72384390, 72399746, 72338056, 72404872, 72416845, 72419624, 72368195, 72427016, 72430664, 72434568, 72434724, 72420958, 72423061, 72432133, 72442231, 72444905, 72456849, 72467117, 72474074, 72367187, 72369489, 72369658, 72376953, 72388656, 72391728, 72422832, 72474673, 72455760, 72475759, 72446219, 72481189, 72480653, 72483747, 72474782, 72486049, 72507560, 72508521, 72511575, 72513907, 72490941, 72506748, 72507450, 72509635, 72533096, 72535088, 72538931, 72542980, 72552953, 72564197, 72540377, 72588238, 72516868, 72536386, 72558119, 72590584, 72559616, 72569379, 72593460, 72574827, 72599857, 72610247, 72616131, 72630419, 72633821, 72636432, 72669191, 72671000, 72644394, 72658009, 72659580, 72669547, 72652568, 72658780, 72664099, 72675983, 72656719, 72680592, 72681628, 72690449, 72705022, 72706415, 72706589, 72706598, 72707109, 72722355, 72740480, 72732021, 72758004, 72764454, 72675020, 72742435, 72765056, 72772472, 72775333, 72776073, 72732599, 72770507, 72776921, 72800373, 72781248, 70556372, 72804674, 72807824, 70562768, 72819212, 73914765, 70578172, 70579743, 73931848, 73949023, 70588013, 73955395, 70546522, 72784962, 73916972, 73969723, 73955719, 73976957, 73943975, 73967796, 70620467, 70616759, 70616785, 70621605, 70601090, 73970907, 70620157, 70625147, 74006076, 70632395, 73999482, 73999494, 70633347, 70636513, 70636678, 74022832, 74000163, 74001352, 74015191, 74023456, 70626880, 74014567, 70656302, 74026782, 74030658, 74052198, 74054226, 74062433, 74057850, 74077210, 70675944, 74081015, 70681490, 74085472, 70684084, 74089984, 74098485, 74024710, 74090460, 70689359, 74100095, 70660666, 74063122, 74088490, 74087059, 74089585, 74097863, 74108504, 70697979, 70698444, 74117905, 74134237, 74136518, 70712114, 70712175, 74140028, 74117995, 74113010, 74119307, 74126213, 74144813, 74109097, 74142259, 74142304, 74148534, 70719615, 74170826, 74173003, 74185067, 74150666, 74166291, 74193648, 70744256, 74177881, 74186607, 74200345, 74171353, 70746551, 70748516, 74212709, 74226055, 74213176, 70757202, 74221787, 74230740, 74222506, 74233909, 74236261, 71486471, 74241047, 74230856, 74238871, 71488661, 71491847, 74187497, 70750724, 74211314, 74248004, 74247128, 74270985, 71508265, 74281224, 71497908, 74259141, 74297283, 74295038, 71530121, 71530946, 71502342, 74288691, 71534239, 74296739, 74304188, 71538418, 71539821, 74311522, 74312475, 74309426, 74310659, 74311707, 71545326, 74312830, 71544762, 70769606, 74320529, 71569134, 71589917, 71549183, 71565780, 70775344, 72820094, 72820886, 71592793, 71601370, 71605354, 71607529, 71604538, 74329144, 71606863, 71607966, 71608038, 71609657, 71616676, 71570565, 71594551, 71595945, 71607789, 74330003, 71624652, 71616951, 71620892, 71626366, 74339180, 71628260, 71628304, 71627658, 74348608, 71634343, 71636236, 71639825, 74355028, 71628546, 71635814, 74350952, 71635617, 74352490, 71642254, 74357991, 71646907, 74367461, 71648626, 74368519, 74368090, 71656799, 74338808, 71621791, 71621984, 71629260, 74355361, 74373884, 74375757, 74379996, 74367617, 71653739, 74375400, 74394252, 71668827, 74384561, 74397280, 74370440, 71658431, 74374836, 74398053, 74398311, 74413899, 74426736, 74395200, 74419049, 71686482, 74425266, 74441842, 74415739, 74424083, 74428514, 74445086, 74430924, 74447277, 71695495, 71686545, 74448186, 74464863, 74465477, 71695974, 74464301, 74468471, 74462791, 74484066, 71706108, 74465808, 74478602, 74491145, 71699098, 74468763, 74492647, 74493144, 74497166, 74497195, 71715619, 71696782, 74508246, 71717732, 74494441, 74510597, 74511256, 74524671, 74495142, 74499347, 71723880, 74532943, 74536456, 74545006, 74545933, 74545960, 74546695, 74526777, 74527084, 71729537, 71729780, 74577402, 71740221, 74555843, 74561497, 74596952, 74601457, 74581517, 71743902, 74603450, 70791403, 70795029, 70803628, 71740225, 70804076, 70810857, 70821846, 70909861, 70911236, 70837432, 70843948, 70867036, 70915709, 70920394, 70831764, 70865699, 70873010, 70937066, 70923994, 70924010, 70938625, 70945594, 70974147, 70955855, 70972821, 70982112, 71026019, 71052648, 70915045, 70919818, 71044764, 71013762, 71073257, 71076844, 71080383, 71088040, 71054166, 71069734, 71094459, 71103796, 71111019, 71119326, 71120944, 71121104, 71123454, 71119984, 71031361, 71085896, 71101956, 71144912, 71147093, 71149737, 71142746, 71918984, 71128709, 71138242, 71148779, 71915742, 71941260, 71919898, 71955753, 71960613, 71974438, 71917792, 71924056, 71936723, 71959971, 71976360, 71958210, 71958283, 71975236, 72005875, 71993019, 71997293, 72004956, 72013546, 72021709, 72025373, 72029440, 72030012, 72033765, 72041293, 71982025, 71994719, 72012320, 72046074, 72046819, 72016494, 72027961, 72053739, 71990419, 72022441, 72030718, 72055788, 72068580, 72079973, 72072506, 72096379, 72100135, 72100586, 72109778, 72123229, 72131241, 72101295, 72134294, 72138359, 72062475, 72070367, 72105705, 72140069, 72095659, 72141358, 72164599, 72157515, 72155142, 72158678, 72171205, 72174950, 72176655, 72188059, 72199969, 72203805, 72170082, 72183414, 72218136, 72200573, 72212341, 72217485, 72221986, 72206460, 72211153, 72229631, 72219528, 72219542, 73054567, 73052929, 73065674, 73065972, 73060055, 73052682, 73081631, 73088018, 73083132, 73088340, 73084338, 73091762, 73106971, 73107018, 73109421, 73114040, 73115367, 73078231, 73118611, 73091067, 73120668, 73121009, 73094874, 73101496, 73108275, 73149464, 73174875, 73128321, 73174520, 73179954, 73190014, 73158095, 73210803, 73216470, 73159420, 73165936, 73255821, 73248114, 73256365, 73266721, 73277236, 73232044, 73267037, 73272021, 73280153, 73175062, 73190393, 73196084, 73272953, 73278939, 73284029, 73281050, 73290699, 73301384, 73278108, 73280368, 73291022, 73312085, 73275061, 73280535, 73315604, 73327979, 73323697, 73292420, 73311419, 73355617, 73357418, 73361906, 73330887, 73331660, 73334426, 73371556, 73376951, 73403908, 73364771, 73367381, 73391902, 73409402, 73419965, 73398349, 73425988, 73433862, 73443407, 73450834, 73424300, 73442045, 73451207, 73431793, 73457346, 73460398, 73460795, 73468144, 73470973, 73479303, 73499815, 73515277, 73515466, 73485731, 73509591, 73521979, 73516000, 73531855, 73491390, 73503944, 73556668, 73562112, 73533732, 73558002, 73525464, 73527518, 73549651, 73574484, 73608360, 73615372, 73627993, 73634847, 73640609, 73646475, 73612523, 73636723, 73536690, 73569197, 73575439, 73652259, 73676886, 73661570, 73671880, 73676022, 73676566, 73576037, 73635643, 73679809, 73679893, 73686905, 73701361, 73703355, 73737340, 73743471, 73717846, 73747170, 73750909, 73708204, 73724397, 73707311, 73714373, 73755863, 73759136, 73776248, 73776655, 73771761, 73789655, 73796359, 73788546, 73830999, 73838068, 73805083, 73826830, 73851229, 73864454, 73868794, 73897472, 73857858, 73867969, 73870639, 73910367, 73803236, 73886664, 71156615, 71156668, 73862661, 73883591, 73900116, 71155567, 71163113, 71170441, 71160647, 73913138, 71179543, 71176019, 71178313, 71180077, 71154201, 71190539, 71189765, 71213488, 71156801, 71160212, 71191987, 71221354, 71207186, 71209468, 71229653, 71213550, 71223167, 71229858, 71232311, 71232797, 71242873, 71268657, 71278935, 71280145, 71272299, 71280683, 71258744, 71275433, 71283626, 71289730, 71279545, 71284572, 71301537, 71305033, 71321221, 71296769, 71306034, 71323687, 71335161, 71335230, 71336374, 71338701, 71310069, 71311169, 71325832, 71341766, 71301864, 71320598, 71359323, 71363525, 71397110, 71359837, 71381262, 71407066, 71407666, 71417338, 71404802, 71423965, 71400211, 71413932, 71423348, 71454802, 71425483, 71435589, 71457034, 71409582, 71420482, 71430645, 71466300, 74618290, 74621189, 74617602, 74617679, 74632631, 74643176, 71762251, 71455436, 71464193, 71760048, 74644592, 71767223, 71767491, 71768892, 74662308, 74651022, 74651077, 71767733, 74662109, 74666280, 74668460, 74677040, 74677451, 74662799, 74672338, 71778635, 71769540, 74667345, 74671443, 74691393, 74683288, 74688095, 71781773, 74698666, 74702124, 74707126, 74685616, 74704230, 74707842, 74708259, 71788199, 74709037, 74718879, 74723291, 71796390, 74723908, 74724904, 74737053, 74725071, 74725653, 74729470, 74738205, 71804910, 71817700, 71811153, 71811374, 71814174, 71826115, 71835889, 71850187, 71855308, 74745386, 74747082, 71837774, 71854467, 71799347, 71828461, 71843174, 71851592, 71864019, 71862078, 71873793, 71873810, 71887519, 71872238, 71885888, 72827563, 71834253, 71847351, 71847542, 72827876, 72831277, 71869607, 72852858, 71889338, 72830100, 72853572, 72866451, 72861930, 72862539, 72884634, 72887820, 72835752, 72835883, 72870821, 72893719, 72889811, 72894922, 72899066, 72902448, 72893026, 72903381, 72928972, 72932768, 72921024, 72923865, 72935959, 72906923, 72943778, 72943817, 72948209, 72949405, 72936261, 72936682, 72955632, 72868341, 72898611, 72957829, 72969835, 72984094, 72987843, 72953840, 72976488, 72996952, 72988186, 72986245, 73004959, 72996550, 73004755, 73014037, 73023075, 73036117, 73022027, 73025693, 73038957, 73040621, 70786248, 71891029, 71890943, 71893337, 71894188, 74771579, 74786186, 74786686, 74786810, 74793086, 74788481, 74794770, 74795298, 74791338, 74799089, 74795623, 74796361, 74803010, 74789876, 74790294, 74803720, 74811497, 74793282, 74801775, 74824266, 74824860, 74814114, 74827956, 74828103, 74828255, 74828686, 74835341, 74813673, 74821265, 74833767, 74831491, 74844395, 74829836, 74835683, 74843126, 74843702, 74861755, 74861827, 74863870, 74860609, 74860662, 74867704, 74885479, 74887601, 74893906, 74901614, 74893218, 74908086, 74866878, 74888969, 74896493, 74903336, 74904822, 74875388, 74906232, 74906851, 74921189, 74921884, 74908952, 74933606, 74908128, 74924763, 74931141, 74932736, 74929470, 74937376, 74927978, 74934950, 74935467, 74946132, 74966373, 74966513, 74947287, 74948199, 74955875, 74959530, 74968842, 74954392, 74954492]"
machine-learning,"[72243463, 72261434, 72268164, 72269625, 72286029, 72310049, 72301027, 72298797, 72341470, 72355804, 72399746, 72368195, 72431096, 72467117, 72422832, 72443730, 72507560, 72508521, 72506748, 72528925, 72533096, 72586859, 72567006, 72559616, 72569379, 72586497, 72574827, 72626523, 72640476, 72656719, 72675131, 72675260, 72706415, 72706598, 72707109, 72775333, 72732599, 70549667, 72804674, 72801555, 70562768, 70587853, 73932504, 70588013, 72818221, 70616759, 70619212, 74008162, 74015191, 70668470, 74085472, 74089984, 74098485, 70719615, 74170749, 70743088, 70744256, 74236261, 74249544, 74281033, 74284250, 71530946, 71539821, 74312475, 71535385, 71550416, 74323692, 71595867, 71605354, 71606863, 71607966, 71639825, 74355361, 74397280, 74398311, 74424083, 74490987, 71710186, 74541698, 74577402, 74549641, 74596102, 74596793, 74596952, 71743902, 74603450, 74607953, 70791403, 70815451, 71750496, 70837432, 70838589, 70943719, 70925367, 71007066, 70915045, 70943238, 71054166, 71079373, 71101448, 71114323, 71086129, 71101956, 71918984, 71924608, 71997293, 72021549, 72041293, 72016494, 72048963, 72123229, 72101295, 72190624, 72191377, 72200115, 72200573, 72194482, 72211153, 73061491, 73052929, 73057909, 73060055, 73081631, 73091762, 73149464, 73232159, 73256365, 73265598, 73277236, 73310178, 73280368, 73323697, 73330887, 73347858, 73403908, 73443407, 73430640, 73442045, 73464839, 73460536, 73468144, 73485985, 73496091, 73518003, 73488991, 73556668, 73546441, 73574484, 73662972, 73686750, 73703355, 73747170, 73755863, 73759136, 73883591, 71153067, 71155567, 71178313, 71188568, 71156801, 71242873, 71276813, 71283626, 71331129, 71336374, 71341856, 74618290, 74623282, 74643176, 74657539, 74662308, 74651077, 74652488, 74677451, 74664559, 74691393, 74692140, 74704664, 74697092, 74718879, 74742670, 71818555, 71855308, 71885888, 71819435, 72852755, 72866451, 72880499, 72861930, 72895577, 72914889, 72935959, 72978027, 73004755, 73014037, 73033757, 71890943, 71893337, 74760126, 74786186, 71895885, 74786916, 74793086, 74794770, 74792191, 74799089, 74790294, 74812287, 74828103, 74828255, 74813673, 74821265, 74833767, 74841523, 74856431, 74853435, 74860609, 74867704, 74872071, 74886400, 74894560, 74902506, 74867083, 74903336, 74906232, 74906851, 74924942, 74924763, 74929470, 74930368, 74927978, 74944314, 74937913, 74938099, 74966513, 74959530]"
pandas,"[72243721, 72251266, 72252860, 72252897, 72259212, 72259217, 72263282, 72263932, 72278557, 72282419, 72286445, 72261434, 72296566, 72283924, 72304256, 72307807, 72323179, 72324363, 72325479, 72298797, 72355804, 72356040, 72399746, 72338056, 72419624, 72387804, 72427016, 72434568, 72432133, 72442231, 72444905, 72467117, 72369489, 72369658, 72376953, 72388656, 72475759, 72446219, 72480653, 72483747, 72474782, 72486049, 72511575, 72513907, 72507450, 72542980, 72552953, 72564197, 72540377, 72586859, 72536386, 72590584, 72593460, 72600209, 72610247, 72630419, 72633821, 72669191, 72659580, 72669547, 72652568, 72675983, 72680592, 72705022, 72706589, 72732021, 72758004, 72742435, 72765056, 72772472, 72776073, 72732599, 70549667, 70556372, 72807824, 70562768, 72819212, 70546522, 73916972, 73955719, 70601323, 73967796, 70620467, 70616785, 70621605, 70625092, 70625147, 73999482, 74008162, 74052198, 74054226, 74057850, 70675944, 70681490, 70682509, 70684084, 70690081, 74100095, 74107696, 74098518, 70697979, 74117905, 74140028, 74117995, 74113010, 74119307, 74126213, 74142259, 74142304, 74149132, 74170749, 74173003, 74179097, 74200345, 74171353, 74207648, 74212709, 70758784, 74226055, 74213091, 74230740, 74233909, 74236261, 71486471, 74230856, 74238871, 71488661, 74187497, 74211314, 71508265, 74255852, 71497908, 74259141, 71530121, 74303148, 74296739, 74304188, 71538418, 74310659, 74311707, 70769606, 74320529, 71565780, 72820094, 71581585, 72820886, 71601370, 71608038, 71570565, 71594551, 71595945, 71626366, 74339180, 71628260, 71628304, 71627658, 71634343, 71636236, 71628546, 71635814, 74350952, 71635617, 74352490, 71646907, 74367461, 71640092, 71643384, 74368519, 74368090, 71656799, 71629260, 74347701, 74373884, 74375757, 74379996, 74367617, 71653739, 71668827, 74384561, 74397280, 74370440, 71658431, 74398053, 74413899, 74426736, 74441842, 74415739, 74428514, 74445086, 74445743, 71695495, 74464863, 74465477, 71695974, 74478602, 74468763, 74492647, 71696782, 74508246, 71717732, 74494441, 74495142, 71723880, 74537840, 74545960, 74538587, 74546695, 74526777, 74527084, 74564978, 71739872, 71740221, 74596102, 74601457, 70803628, 70804076, 70821846, 70911236, 70915709, 70920394, 70873010, 70938625, 70955855, 70972821, 71008276, 71026019, 70919818, 71073257, 71054166, 71094459, 71113578, 71120944, 71144912, 71147093, 71149737, 71142746, 71138242, 71941260, 71919898, 71975236, 72005875, 72025373, 72029440, 72030012, 72033765, 72041293, 72012320, 72046819, 72027961, 72053739, 71990419, 72022441, 72100586, 72138359, 72062475, 72140069, 72190624, 72158678, 72172462, 72188059, 72199969, 72200115, 72203805, 72218136, 72212341, 72217485, 72221986, 72206460, 73054567, 73060055, 73052682, 73079270, 73088340, 73106971, 73107184, 73109421, 73114040, 73115367, 73101496, 73108275, 73128321, 73174520, 73190014, 73210803, 73129297, 73159420, 73165936, 73267037, 73272021, 73190393, 73190416, 73196084, 73284029, 73291022, 73312085, 73275061, 73280535, 73315604, 73326490, 73327979, 73325035, 73355617, 73361906, 73371556, 73367630, 73367381, 73391902, 73409402, 73419965, 73425988, 73433862, 73415109, 73424300, 73451207, 73431793, 73457346, 73460536, 73470973, 73479303, 73499815, 73472891, 73515277, 73485731, 73509591, 73529539, 73488991, 73503944, 73551183, 73562112, 73546441, 73558002, 73525464, 73549651, 73592674, 73595548, 73608360, 73615372, 73634847, 73640609, 73612523, 73536690, 73575439, 73676886, 73661570, 73671880, 73676022, 73676566, 73576037, 73679809, 73686905, 73743471, 73750909, 73724397, 73707311, 73714373, 73776248, 73776655, 73789655, 73760966, 73788546, 73805083, 73864454, 73868794, 73867969, 73870639, 71156668, 73862661, 71163113, 71170441, 71160647, 71179543, 71176019, 71190539, 71213488, 71160212, 71191987, 71205924, 71213550, 71223167, 71232311, 71232797, 71263860, 71268657, 71278935, 71255950, 71280145, 71272299, 71280683, 71275433, 71289730, 71279545, 71284572, 71301537, 71321221, 71306034, 71323687, 71335161, 71335230, 71311169, 71341766, 71320598, 71359323, 71363525, 71371687, 71359837, 71381262, 71407666, 71423965, 71400211, 71413932, 71423348, 71454802, 71425483, 71435589, 71457034, 71409582, 71430645, 74617602, 74632631, 71464193, 71760048, 74644592, 74652276, 74645035, 71767223, 71767491, 74651077, 74662109, 74666280, 74672338, 71778635, 74671443, 71789322, 74689849, 74708259, 74709037, 74723291, 74723908, 74722346, 74724904, 74737053, 74725071, 74725653, 74729470, 74738205, 71804910, 71817700, 71814174, 71835889, 71850187, 74745386, 71837774, 71799347, 71828461, 71873793, 71873810, 71872238, 71834253, 72831277, 71869607, 72830100, 72861930, 72887820, 72835752, 72863835, 72870821, 72893719, 72889811, 72899066, 72902448, 72893026, 72903381, 72932768, 72923865, 72906923, 72943778, 72936261, 72868341, 72898611, 72957829, 72969835, 72987843, 72976488, 72988186, 72986245, 72996550, 73036117, 73022027, 73025693, 70786248, 71894188, 74776305, 74771579, 74773713, 74786810, 74786916, 74788481, 74811497, 74817271, 74814114, 74827956, 74828686, 74835341, 74885479, 74893906, 74901614, 74893218, 74908086, 74866878, 74896493, 74921189, 74908952, 74923958, 74932736, 74946132, 74947287, 74948199, 74955875, 74956039, 74968842, 74954492]"
moving-average,[225126]
data-science-experience,"[72251266, 72483747, 72502563, 72490941, 72706415, 70698444, 74296739, 74312475, 71553067, 74352490, 74491145, 74494441, 71111019, 71123454, 73088340, 73210803, 73451207, 73574484, 73789655, 73805083, 74672338]"
encoding,"[72252860, 72804674, 74398311]"
xml,"[72252897, 72388656, 71111019, 73771761, 74861755]"
json,"[72259217, 74062433, 74207648, 71052648, 71111019, 71993019, 72055788, 73857858, 72932768, 72996550, 73023075]"
python-3.x,"[72263282, 72276575, 72316924, 72323179, 72430118, 72431096, 72423061, 72444905, 72443730, 72509635, 72564197, 72536386, 72690449, 70579743, 70625092, 70668470, 70675944, 74085472, 74089585, 74170749, 74233831, 71486471, 74281033, 71553067, 71581585, 74332364, 71640092, 71699098, 74468763, 74494041, 74534021, 74538587, 74564978, 74561497, 70815451, 70986710, 71008276, 71147093, 72041293, 72044317, 72241097, 73079270, 73107184, 73240064, 73326490, 73515466, 73531855, 73562112, 73572613, 73595548, 73672354, 73679893, 73703355, 73717846, 73724397, 73763397, 73753960, 73851229, 73862661, 73883591, 71213550, 71263860, 71268657, 71255950, 71280145, 71280683, 71350092, 71341856, 71369814, 71423965, 74644592, 74673328, 71788199, 74723291, 74722346, 74745340, 72884634, 72863835, 72895577, 73023075, 74795298, 74812287, 74811497, 74793282, 74801775, 74825075, 74828686, 74861755, 74894560, 74908086, 74891311, 74956039]"
data-munging,"[72263282, 72263932, 74179097, 71634343, 74347701, 74428514, 74537840, 71113578, 72172462, 74632631, 74666280, 73022027]"
cypher,"[72267417, 72433368, 72511719, 72733587, 71531098, 73067665, 73101770, 71241614, 71315082, 72909936]"
similarity,[226741]
graph-data-science,"[72267417, 72316924, 72359861, 72433368, 72511719, 72669344, 72701526, 72733587, 74123381, 71511842, 74298828, 71531098, 71715619, 74527084, 70818371, 71135354, 71917792, 72134294, 73078080, 73067665, 73100659, 73120668, 73101770, 73246227, 73258583, 73330185, 73515466, 73542558, 73580695, 73855669, 71241614, 71261517, 71315082, 71389641, 71399924, 74661896, 72909936, 72958368, 72997787, 74846389]"
matplotlib,"[73046568, 72249726, 72490941, 72600209, 73949023, 72784962, 70626880, 70656302, 74090460, 74100095, 74098518, 74148534, 74199808, 74208216, 74221787, 71530121, 70775344, 74329144, 71604599, 74368090, 71686545, 71706108, 74524671, 74523322, 74527084, 70982112, 71076844, 71134953, 71128709, 72005875, 71982025, 71994719, 72131241, 72138359, 72157515, 72206460, 72241097, 73109421, 73101496, 73431793, 73521979, 73595548, 73635643, 73717846, 71229858, 71272299, 71284572, 71296769, 71397110, 71767733, 74688095, 74707842, 74747082, 71828461, 72852858, 72862539, 72936261, 74844395, 74887601, 74931141, 74934950]"
scikit-learn,"[73046568, 72368195, 72369489, 72507560, 72505653, 72586859, 72559616, 72574827, 72636432, 72640476, 72707109, 72775333, 72732599, 72804674, 70619212, 74015191, 70668470, 70719615, 74281033, 74375757, 74394252, 74549641, 74555843, 71743902, 74603450, 70791403, 70837432, 71054166, 71119326, 71955753, 71956654, 72046819, 72101295, 72164599, 72183414, 72239362, 73052929, 73088018, 73083132, 73091762, 73286502, 73357418, 73331660, 73425988, 73443407, 73430640, 73464839, 73460536, 73485985, 73496091, 73521979, 73488991, 73491390, 73569197, 73759136, 73805083, 73883591, 71212373, 74645035, 74707126, 74709037, 74718879, 71826115, 72895577, 72936682, 74786916, 74799089, 74803563, 74828103, 74828255, 74813673, 74821265, 74863870, 74867704, 74862462, 74906232]"
data-structures,"[72248377, 72610247, 72758004, 72768712, 70567204, 72206296, 71209468, 74677040, 74795298]"
dictionary,"[72282419, 72310137, 72480653, 73955395, 74238871, 74332364, 71616676, 74348608, 70923994, 71085896, 72029440, 72105705, 73472891, 73763397, 73769647, 73768196, 73857858, 71399924, 73023075]"
match,[228644]
fuzzywuzzy,"[72286445, 71607529]"
data-preprocessing,"[72261434, 72384390, 72672763, 70653689, 74089984, 74419049, 74468471, 71086129, 71142746, 72164599, 73266721, 73867969, 74664559, 74843126]"
gpu,[226816]
nlp,"[72276575, 72358154, 72423061, 72656719, 72675260, 72776921, 72801555, 70588013, 70621605, 70747751, 74281224, 74286527, 71530946, 71549183, 74375757, 74468471, 71710186, 74596102, 70867036, 71007066, 71919843, 71974438, 71990419, 72191377, 72170082, 72200996, 73078231, 73266721, 73280153, 71155567, 71221354, 71242873, 74668460, 71855308, 71864019, 72852755, 72914889, 74860662, 74877847, 74902506, 74924942, 74944314, 74961042, 74966513, 74954392]"
series,"[72296566, 72669191, 71570565, 71156668, 71275433, 72870821, 72976488]"
line-plot,[224972]
deep-learning,"[72269625, 72422832, 72558119, 72656719, 72801555, 70588013, 70601090, 74081015, 74186607, 71535385, 71607966, 74596793, 70865699, 70931709, 72021549, 72016494, 73310178, 73347858, 73468144, 73518003, 73546441, 73636723, 73776655, 71331129, 71361904, 74692140, 74704664, 72978027, 73004959, 73040621, 74837471, 74839139, 74886400, 74902506, 74955186]"
random-forest,"[72269625, 72355804, 72399746, 74249544, 71605354, 71616951, 74549641, 70943719, 73232159, 73662972, 71229653]"
prediction,"[72286029, 72770507, 74233831, 70925367, 72030718, 73061491]"
metrics,"[72286029, 70636678, 73174875, 74853435]"
r,"[72301839, 72308480, 72332785, 72533524, 72567006, 72707601, 72715504, 70552653, 73983629, 73990122, 73976550, 74088692, 74101479, 74140416, 74146964, 74140761, 74241439, 74246219, 71490495, 74249544, 74298828, 71532962, 74320528, 71565256, 71600115, 71632140, 71641204, 74368342, 74364407, 74376946, 74425994, 74541698, 71725996, 74596952, 74601759, 70925275, 70835527, 70924010, 70953489, 71015182, 71072650, 71919843, 71962201, 72050701, 72135509, 72194482, 73084338, 73128955, 73227760, 73336554, 73359735, 73440559, 73466418, 73475802, 73477853, 73534134, 73611094, 73620626, 73638367, 73662972, 73743488, 73719439, 73774553, 71189888, 71194541, 71239059, 71307149, 71354682, 71353555, 71425402, 71425489, 71455849, 71764346, 71755371, 74663313, 71783689, 74745340, 74732457, 71818555, 71818341, 71885212, 71875064, 72871896, 72880688, 72917674, 72943838, 72943939, 72942037, 72996318, 72968922, 73002872, 73036098, 73041999, 74765501, 74761900, 74779033, 74775126, 74788905, 74829309, 74867521, 74892132, 74910517, 74967680]"
py2neo,[231692]
xgboost,"[72301027, 72507560, 72626523, 70757202, 71955753, 71178313, 74677451, 74662799]"
xgbclassifier,[230102]
pandas-groupby,"[72304256, 71508265, 71544762, 71113578, 71149737, 71213488, 71301537, 71457034, 71804910, 72976488]"
feature-engineering,"[72307807, 72483747, 74023456, 71924608, 73210803, 73672354, 74664559, 74704664, 72987843]"
performance,"[72323179, 72593460]"
numpy,"[72324363, 72325479, 72404872, 72416845, 72455760, 72474782, 72513907, 72542980, 72552953, 72586859, 72600209, 72633821, 72636432, 72669191, 72672763, 72652568, 72675131, 72732021, 70620157, 70625092, 70625147, 74030658, 70690081, 74100095, 70660666, 74207648, 74248004, 74297283, 74304188, 74320529, 71565780, 71601370, 71594551, 71626366, 71629260, 71653739, 74426736, 74415739, 71686545, 71715619, 71696782, 74511256, 74495142, 74538587, 74526777, 70859115, 70873010, 70915045, 71069734, 71128709, 72005875, 71994719, 72174950, 73054567, 73334426, 73409402, 73518003, 73575439, 73707311, 71163113, 71179543, 71176019, 71207186, 71223167, 71229858, 71325832, 71423348, 74643176, 71767223, 71767733, 71778635, 74671443, 74722346, 71837774, 71894188, 74803720, 74955875, 74954492]"
fillna,"[72325388, 74814114]"
d3.js,"[72332762, 71389641, 71399924]"
graph,"[72332762, 72511719, 72669344, 74142664, 74221787, 74579456, 73057909, 73067795, 73330185, 73621159, 73635643, 73855669, 73038957, 74910517]"
amazon-web-services,"[72379755, 70578172, 70587853, 70748516, 71153067, 74927978]"
amazon-sagemaker,"[72379755, 70578172, 70587853, 71153067]"
json-path-expression,[237975]
geopy,"[72384390, 74596952]"
matrix,[240487]
signal-processing,"[72407412, 71716021, 72218136, 71254440]"
mean-square-error,[240741]
exploratory-data-analysis,"[72419624, 72434568, 74077210, 74357991, 74413145, 73442155, 73743471, 71371687, 71455436, 73025693, 71891029, 74923958, 74937913, 74967680]"
database,"[72400727, 72485095, 72505653, 72681628, 72770507, 74142304, 71595867, 74355361, 74376946, 74433774, 74497195, 74582320, 71093331, 72050701, 72206296, 73065972, 73763397, 73838068, 73892926, 73896387, 71407066, 71764346, 74723908, 71864019, 72887848, 72952529, 73011220, 73011522, 74886400]"
artificial-intelligence,"[72423769, 72533096, 70587853, 74170749, 70747751, 74312475, 71595867, 74490987, 73202695, 73265598, 73301384, 73357418, 73347858, 73468144, 73546441, 73703355, 71361904, 74673328, 71797812, 72852755, 74786186]"
macos,"[72430118, 72505348]"
google-bigquery,"[72430664, 74252978, 71079798, 71229653, 72952529]"
append,[243066]
loops,"[72420958, 74248004, 71073257, 72079973, 73466418, 74745386, 74771579]"
optimization,"[72432133, 74109097, 74311707, 72089991, 73334426, 71189888, 71450106, 72894922]"
time-series,"[72456849, 72446219, 72567006, 72762282, 70556372, 70562768, 74118068, 71594551, 70920394, 70953489, 71103796, 72072506, 72100135, 72123229, 73196084, 73562112, 71190539, 71156801, 71268768, 71310069, 71404357, 71467702, 71796390, 71811374, 72906923, 74788520, 74803225]"
for-loop,"[72474074, 72508521, 74024710, 71073257, 73679809]"
web-scraping,"[72367187, 72511575, 72781248, 73931848, 70636513, 74492647, 71044764, 72055788, 73403908, 73737340, 73826830, 73857858, 73803236, 71781773, 71811153, 71885212, 71847542, 72943817, 72953840, 73038957, 74801775, 74893218]"
jupyter,"[72369658, 74208216, 70750724, 74462791, 71119326, 72109778, 71363525, 74786686]"
resnet,[239172]
python-polars,"[72474673, 74398053, 74419049, 73516000, 74831491]"
design-patterns,[243896]
plotly,"[72481189, 73914765, 73999494, 74144813, 74247128, 74270985, 71620892, 71715619, 74524671, 72229631, 73292420, 73515466, 73527518, 73743488, 73851229, 72923865]"
csv,"[72486049, 74014567, 74024710, 74087059, 74108504, 74233909, 72820886, 74355028, 74368519, 74441842, 70955855, 71121104, 71085896, 71960613, 71958210, 72109778, 72070367, 72105705, 72188059, 73108275, 73376951, 73398349, 73661570, 73864454, 71278935, 71400211, 71409582, 74698666, 74722346, 72827563, 72988186, 74811497, 74824860, 74835683, 74904822]"
google-cloud-platform,"[72535088, 71079798]"
gbm,[253893]
linear-regression,"[72552953, 72608978, 74140416, 74146964, 74166291, 74233831, 74581517, 72219542, 73451207, 73638367, 73755863, 71276813, 71767733, 72935959, 72984094, 73004755, 74839139, 74861827, 74934950]"
character-encoding,[254037]
pivot-table,"[72588238, 70758784]"
classification,"[72616131, 72626523, 74185067, 71710186, 72048963, 73430640, 73556668, 73569197, 73759136, 71425489, 71455849, 74856431, 74860609]"
makefile,[263487]
shap,[262652]
regression,"[72644394, 71015182, 71080383, 71915742, 72048963, 72194482, 73174875, 73128955, 73556668, 71178313, 71190766, 71276813, 71425489, 74618290, 71455849, 74765501, 74843702, 74861827, 74853435, 74934950]"
categorical-data,"[72644394, 73496091]"
keras,"[72658780, 70601090, 70702012, 70838589, 71918984, 72087895, 72174950, 73636723, 71268768, 74657539, 72978027, 71890943]"
docker,"[72664099, 72747814, 73149464]"
merge,"[72680592, 74108504, 72030012, 72221986, 74904822]"
summarization,[267526]
computer-science,"[72690449, 74101479, 74134237, 74140416, 74146964, 74484066, 74494117, 71130076, 72050701, 71797812]"
pickle,"[72706415, 70616759, 73118611, 74906851]"
mutual-information,[270658]
apache-nifi,[274781]
production-environment,[274781]
algorithm,"[72762282, 74109097, 74252883, 74326969, 74430924, 74494117, 72068580, 72219528, 73161533, 73330185, 73747170, 71241614, 71254440, 71321221, 71343264, 71817700, 71819435, 72880499, 72909936, 71895885]"
measure,[276228]
data-extraction,"[72675020, 72055788, 71788199]"
image-segmentation,[267625]
gremlin,[273358]
bert-language-model,"[72776921, 72801555, 72818221, 71710186, 71990419, 72170082, 73301384]"
python-requests,"[72781248, 74062433]"
grib,"[73957260, 70690081]"
opc,[396972]
replace,"[73955719, 74310659, 73575439]"
physics,"[70601323, 73255821]"
matlab,"[73967796, 74742670]"
xlsx,[62046]
model,"[70616759, 70925367, 74843702, 74853435]"
automl,[61921]
large-data,"[70620157, 73802995]"
data-wrangling,"[73990122, 71635814, 74364407, 73440559, 73868794, 71354682, 71425402, 71783689, 71893337, 74908952]"
api,"[74006076, 74062433, 74683288, 73036117]"
vector,"[74006593, 72135509]"
histogram,[62688]
iot,[405219]
data-visualization,"[70645760, 71620892, 71643384, 71621791, 70937066, 71072650, 71076844, 71134953, 72109778, 72131241, 73067795, 73108037, 73431793, 73521979]"
valueerror,"[74081015, 71695974]"
anaconda,"[70681490, 70702012, 74186607, 74375400, 74394252, 73094874]"
glob,[408849]
subdirectory,[408849]
os.walk,[408849]
h2o,[409786]
db2,"[70698444, 74567982]"
plotly-dash,"[74136518, 74150666, 74379996, 73515466]"
gpy,[71211]
text-analytics-api,[71217]
powerbi-desktop,"[74130606, 71569134]"
multivariate-time-series,[411806]
css,[414481]
bigdata,"[74109097, 71595945, 73107184, 71338701, 71854467, 74937913]"
pytorch-dataloader,[417082]
candlestick-chart,[417300]
decision-tree,"[74185067, 70743088, 74555843, 74607953, 73174875, 73652259]"
svm,"[70747751, 73443407, 74863870]"
binary,[417135]
pycharm,"[74199808, 70750724, 73278939]"
sequentialfeatureselector,[420988]
analytics,"[74226055, 70804076, 70943719, 71958283, 72131241, 73534134, 71435589]"
mne-python,[421317]
plot,"[74221787, 71530121, 71632140, 74536456, 74523322, 71982025, 72157515, 71229858, 71828461]"
pearson-correlation,"[74222506, 73415109, 71799347]"
scikit-image,[149184]
tidyr,"[71490495, 70925275]"
sorting,"[74252883, 74339180, 73161533, 73652259, 73769647, 72835883]"
quicksort,[425288]
median,[425288]
naivebayes,[428425]
huggingface-tokenizers,"[74286527, 74961042]"
distribution,[429728]
normal-distribution,"[74297283, 71740221]"
components,[429503]
elasticsearch,"[71530946, 71854467]"
validation,"[74288691, 74601759, 71044465, 74860609]"
pypdf,"[74311522, 74875388]"
python-camelot,[431152]
tabula-py,[431152]
graphing,[430942]
filtering,[154476]
pie-chart,"[70775344, 71632140]"
compare,"[72820094, 71275433]"
markov-chains,[156525]
multidimensional-array,[432696]
fuzzy-search,[160752]
scrapy-splash,[160453]
violin-plot,[432914]
tweepy,[162465]
biopython,"[74348608, 72948209]"
dask,"[71628546, 73107184, 73240064, 72893026]"
dask-dataframe,[162854]
non-linear-regression,"[71641204, 71015182]"
vba,[436394]
powerquery,[436394]
altair,"[71621791, 74536456, 70937066, 73108037, 73627993, 73646475, 74921884]"
html,"[74379996, 73065972]"
rust,"[74405080, 74412374, 71178927]"
reshape,"[71658431, 74892132]"
latex,[439520]
sympy,[439520]
parquet,[168648]
sampling,"[74430924, 71283626]"
reservoir-sampling,[443092]
iteration,"[74447277, 71941260]"
spyder,"[74447277, 73094874, 71843174]"
libsvm,[449098]
lightgbm,"[71699098, 72239362, 72894922]"
optuna,[169909]
dotenv,[449404]
python-dotenv,[449404]
sqlalchemy,[449719]
blockchain,[450887]
bitcoin,[450887]
survival-analysis,[171672]
mathematical-optimization,[449411]
combinatorics,[449411]
flutter-web,[171602]
curve-fitting,"[74532115, 73281050, 73838068]"
spline,[453211]
vega,[453645]
pycocotools,[454500]
ggplot2,"[71725996, 71072650, 74663313, 71875064, 72943939, 74910517]"
grid-search,"[71729537, 71826115, 74839139]"
sqlite,"[71739872, 72141358]"
math,"[74579920, 70810857, 73281050, 73551183, 74788520, 74901614]"
phpmyadmin,"[74567982, 71093331]"
skew,[174022]
binary-search-tree,[455584]
networkx,"[74561497, 73621159]"
nltk,"[74596102, 71031361]"
pipeline,"[71743902, 71956654, 72164599, 72183414, 71826115]"
azure,[79140]
recursion,"[70795029, 72929694]"
java,"[70818371, 73161533, 72929694, 74760126]"
training-data,"[70810493, 72982696]"
cosine-similarity,[175049]
memory-leaks,[91123]
google-drive-api,[84394]
timestamp,[83176]
dataspell,[92401]
predict,"[70953489, 74937376]"
reactjs,[93170]
worker,[93170]
soap,[94559]
django,"[71013762, 73065674, 74702124]"
celery,[101376]
background-process,[101376]
arima,"[71103796, 72030718, 73796359, 74704230, 71811374, 74756633, 74788520]"
output,[107937]
data-warehouse,[107979]
imbalanced-data,"[71101448, 71955753]"
python-2.7,"[71123454, 74674053, 74956039]"
machine-learning-model,"[71114323, 71924608]"
entity-relationship,[113007]
feature-scaling,[192460]
word2vec,"[71925163, 71997293, 71762251, 72914889]"
sliding-window,[193672]
react-native,[195828]
divide-and-conquer,[201354]
poisson,[204607]
ordinal-classification,[202244]
tree,[206858]
oop,[207997]
data-processing,"[72100586, 73773467]"
economics,[205070]
netflow,"[72200115, 72217485]"
transpose,[220380]
airflow,[218699]
predictive,"[72194482, 72997787]"
cvxpy,[221952]
youtube,[222374]
youtube-data-api,[222374]
python-arango,[307808]
flower,[308313]
kite,[309106]
class,[312100]
image-comparison,[320269]
anaconda3,[321647]
streaming,[314115]
xlrd,[319039]
image,[331017]
multi-index,[329102]
frameworks,[332369]
metafor,[333655]
multivariate-testing,[336763]
azure-databricks,"[73376951, 73892926]"
annotations,"[73368934, 72929694]"
data-annotations,[336893]
keras-layer,[346198]
data-management,[346641]
zoo,[347785]
rollapply,[347785]
tf-idf,"[73517600, 74707126]"
lsh,[351760]
iris-dataset,[357261]
social-networking,[362115]
sna,[362115]
apache-flink,[363460]
catboost,[356919]
hierarchical-clustering,"[73679893, 71212373]"
scrape,[373734]
breadth-first-search,[374717]
boto3,[370820]
pathlib,[370820]
tuples,"[73769647, 73768196]"
word-cloud,[375396]
sarimax,[379635]
apache-spark,"[73773467, 73892926, 73896387, 73033757]"
data-scrubbing,"[73870639, 74908952]"
tkinter,[391036]
git,[115595]
dvc,[115595]
word-embedding,"[71155567, 72914889]"
numbers,"[71189765, 72899066]"
hdbscan,[121237]
encoder-decoder,[126876]
resampling,"[71283626, 72853572]"
pareto-chart,[128457]
arviz,[130503]
bambi,[130503]
pulp,[132122]
rasa,[133297]
conversational-ai,[133297]
plotly-express,[134176]
image-quality,[135009]
quantitative-finance,[136190]
dataformat,[138964]
list-comprehension,[136981]
join,"[71404357, 74946132]"
tidymodels,[135355]
type-conversion,[142396]
ampl,[145010]
medical,[176434]
r-corrplot,[175537]
som,[176889]
rfe,[466230]
orange,[467745]
pymongo,[176954]
netflix,[467405]
urllib,[178177]
windows-10,[468561]
prophet,[470423]
read.csv,[472507]
information-theory,[179781]
nonlinear-optimization,[473245]
string-comparison,[181115]
data-modeling,[181137]
tfidfvectorizer,"[71855308, 74862462, 74877847]"
google-translate,[185159]
ranking,[186207]
scoring,[186207]
probability-distribution,[188751]
rvest,[188521]
unsupervised-learning,"[71819435, 71895885, 74841523, 74938099]"
flair,[282787]
text-classification,"[72852755, 74877847]"
excel-formula,[282988]
torchvision,[285509]
datatable,[288068]
try-catch,[292102]
warnings,[292102]
rest,[294377]
dax,[298411]
php,[303895]
sentiment-analysis,"[74765501, 74877847]"
shiny,"[74779033, 74829309]"
integer,[478848]
columnsorting,[479133]
screen-scraping,[479562]
latitude-longitude,[478987]
cycle,[480372]
shinyapps,[482930]
opencsv,[482486]
pypi,[482795]
loss-function,[483747]
matplotlib-ion,[484439]
search,[482983]
aadhaar,[486066]
src,[486687]
onnx,[488896]
text-mining,[487538]
python-3.10,[492118]
tokenize,[496104]
data-generation,[496637]
cumulative-sum,[495603]
knn,"[71911980, 71607966, 74425266, 74541698, 71176019]"
excel,"[73047143, 72387804, 72770507, 74363948, 71716021, 71052648, 71976360, 73081631, 73174520, 73190393, 73509591, 73826830, 74651022, 74677040, 74698666, 72829882, 72968922]"
statistics,"[72243463, 72407412, 72369658, 72640476, 72652568, 70549667, 74106022, 74118068, 74237093, 71535385, 74324054, 74323692, 71565256, 71600115, 74425994, 74577402, 74579920, 70943719, 71915742, 71936723, 71959971, 72053739, 72095659, 72192677, 73052929, 73060055, 73107018, 73128955, 73232044, 73413270, 73450834, 73485985, 73472891, 73534134, 73638367, 73708880, 71156615, 74618290, 74742670, 71818341, 71887519, 72853572, 72921024, 72955632, 73002872, 71891029, 74765501, 74786916, 74792191, 74796361, 74856431, 74867521, 74901614, 74903336, 74929470, 74937913, 74959530, 74968842]"
feature-extraction,"[72243463, 72676258]"
dataframe,"[72243721, 72259212, 72263282, 72263932, 73046568, 72278557, 72282419, 72296566, 72304256, 72307807, 72323179, 72324363, 72325479, 72338056, 72419624, 72427016, 72434568, 72432133, 72467117, 72474673, 72475759, 72474782, 72486049, 72511575, 72564197, 72536386, 72590584, 72569379, 72593460, 72600209, 72610247, 72633821, 72705022, 72758004, 72715504, 72772472, 72807824, 70579743, 73932504, 73955719, 70616785, 70620157, 70625147, 74008162, 70633347, 74014567, 74052198, 74054226, 74077210, 70682509, 74088692, 74098485, 74090460, 70697979, 74117905, 74117995, 74140761, 74173003, 74179097, 74193648, 74171353, 70758784, 74226055, 74213091, 74230740, 74233909, 71486471, 71488661, 74187497, 74211314, 71508265, 74255852, 71497908, 74296739, 71538418, 74320528, 74320529, 71589917, 71565780, 72820094, 71581585, 71601370, 71608038, 71616676, 71570565, 71595945, 71627658, 71634343, 71636236, 74350952, 71635617, 74352490, 71646907, 74367461, 71640092, 71648626, 74368342, 74347701, 74355361, 74373884, 71665961, 74367617, 71653739, 74376946, 74397280, 71658431, 74413899, 74425994, 74426736, 74419049, 71686482, 74441842, 74415739, 74445086, 74445743, 74468471, 74478602, 74468763, 74508246, 74494441, 71723880, 74537840, 74545960, 74546695, 74523322, 71739872, 74561497, 74601457, 74601759, 70803628, 70804076, 70911236, 70915709, 70859115, 70835527, 70938625, 70972821, 71008276, 71026019, 71094459, 71113578, 71120944, 71134953, 71149737, 71142746, 71941260, 71919898, 71975236, 72025373, 72029440, 72030012, 72033765, 72012320, 72022441, 72100586, 72135509, 72140069, 72190624, 72172462, 72199969, 72203805, 72212341, 72221986, 73054567, 73052682, 73088340, 73106971, 73114040, 73128321, 73174520, 73190014, 73210803, 73165936, 73272021, 73190416, 73291022, 73275061, 73280535, 73325035, 73361906, 73367381, 73391902, 73409402, 73419965, 73442155, 73415109, 73451207, 73457346, 73460536, 73466418, 73470973, 73479303, 73496091, 73472891, 73515277, 73485731, 73509591, 73516000, 73488991, 73551183, 73558002, 73592674, 73608360, 73615372, 73640609, 73536690, 73676886, 73671880, 73676022, 73676566, 73576037, 73679809, 73750909, 73724397, 73714373, 73776248, 73771761, 73789655, 73788546, 73805083, 73864454, 73868794, 73870639, 71160647, 71179543, 71189765, 71213488, 71191987, 71221354, 71213550, 71223167, 71239059, 71263860, 71268657, 71255950, 71280683, 71279545, 71301537, 71307149, 71306034, 71335161, 71320598, 71371687, 71359837, 71381262, 71417338, 71454802, 71425402, 71425483, 71457034, 71430645, 74621189, 74617602, 74632631, 71455436, 71760048, 74652276, 74645035, 71755371, 74651077, 74666280, 74677040, 74672338, 74671443, 74689849, 74708259, 74723291, 74723908, 74724904, 74737053, 74725071, 74725653, 74738205, 71804910, 71817700, 71814174, 71850187, 71799347, 71873793, 71873810, 72827563, 71834253, 72830100, 72835752, 72870821, 72893719, 72889811, 72902448, 72928972, 72943778, 72949405, 72868341, 72957829, 72969835, 72996550, 73036117, 73022027, 73025693, 71894188, 74771579, 74775126, 74786810, 74788905, 74791338, 74803225, 74793282, 74817271, 74828686, 74831491, 74839139, 74885479, 74886400, 74893906, 74893218, 74921189, 74933606, 74932736, 74930368, 74944314, 74947287, 74948199, 74955875, 74954492]"
seaborn,"[72251266, 72249726, 70656302, 74148534, 71706108, 74523322, 71076844, 71134953, 71128709, 71915742, 71917792, 73743471, 74887601, 74948199]"
filenames,[225289]
pandas-explode,[226393]
neo4j,"[72267417, 72316924, 72359861, 72433368, 72511719, 72669344, 72701526, 72733587, 74123381, 74142664, 71511842, 71531098, 74433774, 70818371, 71135354, 72134294, 73067665, 73100659, 73120668, 73101770, 73246227, 73258583, 73330185, 73542558, 73580695, 73855669, 71241614, 71261517, 71315082, 74661896, 72909936, 72958368]"
return,[227855]
multiclass-classification,"[72261434, 73464839, 74623282]"
lstm,"[72269625, 71086129, 71268768]"
cluster-analysis,"[72305273, 74086964, 74237093, 71695495, 71750496, 71925163, 71924056, 72217485, 73057909, 73088018, 73286502, 73485985, 73538425, 71212373, 71343264, 71768892, 71862078, 72948209, 74791314, 74841523, 74938099]"
k-means,"[72305273, 71491847, 74284250, 71750496, 71925163, 71924056, 71343264, 74707126, 71856782, 74799089, 74821265, 74862462]"
one-hot-encoding,"[72305273, 70653689, 73091762, 73862661, 71893337]"
data-analysis,"[72283924, 72358154, 72400727, 72475759, 72513907, 72506748, 72558119, 72644394, 72659580, 72640476, 73931848, 73932504, 73955395, 73943975, 70620467, 74006076, 73999482, 70653689, 74077210, 74098518, 74130606, 74213091, 74241047, 74270985, 74288691, 71532962, 71535385, 74324054, 74314745, 71565256, 71628260, 74373884, 74413145, 74464863, 74465808, 74508877, 71080383, 71936723, 72046074, 72076162, 72192677, 73081631, 73107018, 73114040, 73240064, 73232044, 73315604, 73326490, 73286502, 73460795, 73470973, 73612523, 73536690, 73743488, 73708880, 73750909, 73763397, 73707311, 73748745, 73769647, 73768196, 73826830, 73803236, 71156615, 73900116, 71190539, 71156801, 71255950, 71335230, 71341766, 71343264, 71371687, 71409021, 71425483, 71430645, 71455436, 71464193, 71767491, 71755371, 74668460, 74674053, 74685616, 74689849, 74707842, 72830100, 72861930, 72952529, 72984111, 72987843, 73041999, 74761900, 74812287, 74793282, 74872071, 74923958, 74930368]"
boxplot,"[72283924, 74090460]"
lambda,"[72310137, 71608038, 73499815, 71263860]"
imputation,"[72325388, 72775333, 72800373, 73088340, 74788481]"
javascript,"[72332762, 74144813, 70931709, 71958283, 71389641, 71399924, 72932768]"
jupyter-notebook,"[72341470, 72368195, 72764454, 70632395, 74023456, 74085472, 70689359, 74063122, 74233831, 74312830, 71553067, 71648626, 71621984, 74375400, 74394252, 74462791, 71729780, 74579456, 71739872, 70924010, 70955855, 71079373, 72072506, 72190624, 72200996, 73216470, 73278939, 73403908, 73572613, 73592674, 73608360, 73886664, 71180077, 71191987, 71272299, 71363525, 71397110, 74685616, 74729470, 71873810, 71872238, 74786686, 74795298, 74812287, 74824860, 74814114, 74828255, 74846389, 74843126, 74891311, 74930368]"
normalization,"[72341470, 71361904]"
jsonpath,[237975]
arrays,"[72404872, 74030658, 70746551, 74326969, 70938625, 72016494, 72176655, 71207186, 71209468, 74621189, 71769540]"
error-handling,"[72407412, 72880688]"
list,"[72416845, 72420958, 73955395, 73943975, 70746551, 74296739, 70923994, 71976360, 73442045, 73485731, 71885212, 72835883]"
twitter,"[72332785, 71624652, 73141157]"
rtweet,[233278]
mysql,"[72400727, 74314745, 74497195, 74582320, 71093331, 73161533, 71404357, 72887848, 72999151, 73011220, 73011522]"
scipy,"[72422066, 74398053, 71094459, 73107018, 73367630, 74792191, 74803720]"
fft,"[72422066, 71994719, 71254440]"
cross-validation,"[72423769, 72586497, 74166291, 71729537, 72101295, 73430640, 74652488, 74794770]"
theory,"[72423769, 70743088]"
overfitting-underfitting,"[72423769, 74312475, 72978027]"
apple-m1,[243011]
turi-create,[243011]
graph-databases,"[72433368, 72669344, 72733587, 71531098, 73078080, 73100659, 73580695, 73855669]"
sql,"[72430664, 72485095, 74314745, 74567982, 74582320, 71079798, 71093331, 72013747, 73612523, 73668529, 73748745, 71404357, 72952529, 72999151, 73011220, 73011522]"
google-colaboratory,"[72444905, 72505348, 70744256, 74448186, 71715619, 74776305, 74846389, 74903336]"
function,"[72474074, 72508521, 70552653, 74140761, 74246219, 73277236, 71194541, 74745386]"
gqlquery,[247407]
sklearn-pandas,"[72369489, 72505653, 71119326, 74652276, 74828103]"
categories,[237695]
backpropagation,[242283]
architecture,[243896]
etl,"[72438968, 74355028, 73179954, 71847351]"
procedural-programming,[243896]
web,"[72481189, 74795623]"
streamlit,"[72481189, 74270985, 73330887, 74906851]"
postgresql,"[72485095, 71665961, 73668529, 73748745, 71407066, 73011220]"
precision,[250256]
logistic-regression,"[72502563, 72559616, 73970907, 74577402, 72048963, 71189888, 71454802, 74652276, 74843702]"
roc,[250256]
precision-recall,"[72502563, 74929470, 74959530]"
geography,[253508]
gcp-ai-platform-notebook,[253508]
gridsearchcv,"[72538931, 74281033]"
cartesian-product,[254298]
dplyr,"[72533524, 70552653, 73976550, 73999482, 74364407, 73774553, 71239059, 71307149, 71425402, 72871896]"
tidyverse,"[72533524, 71490495, 70925275]"
tensorflow,"[72516868, 72658780, 72722355, 70601090, 70702012, 70747751, 71534239, 74338808, 72087895, 72174950, 73311419, 73461982, 73518003, 73636723, 71258744, 74657539, 71890943, 74888969, 74924763]"
neural-network,"[72516868, 74596793, 70838589, 72087895, 73347858, 73461982]"
forecasting,"[72567006, 74323692, 72030718, 72123229, 73796359, 71467702, 74788520]"
eda,"[72590584, 73460795, 73760966]"
label-encoding,"[72569379, 74098485]"
openpyxl,"[72599857, 71569134]"
dataset,"[72614571, 74088692, 74236261, 74230856, 74304188, 71539821, 71539946, 71550416, 71639825, 74382678, 74480433, 74579456, 74603450, 71111019, 73398349, 73442155, 74674053, 74692140, 72880499, 74908086, 74866878]"
finance,"[72630419, 72675983, 73638367, 71323687, 74621189, 74709037]"
algorithmic-trading,"[72630419, 72675983]"
gnu-make,[263487]
neo4j-apoc,"[72669344, 73855669]"
signals,[265800]
bar-chart,"[72672763, 72675131]"
computer-vision,"[72658780, 74006593, 70816368, 73310178, 73686750]"
evaluation,[267526]
data-oriented-design,[274781]
rtl-sdr,[276228]
google-analytics,"[72675020, 71123454, 71409021]"
data-pipeline,[267502]
data-manipulation,"[72715504, 72742435, 73419965, 72984111]"
syntax,[276505]
3d,[277247]
image-processing,"[72676258, 70816368, 71258744, 71350092]"
pixellib,[267625]
talend,[273982]
sentence-transformers,[277692]
nan,"[72800373, 72853572]"
beautifulsoup,"[72781248, 70636513, 73701361, 72953840, 74795623, 74801775]"
datetime,"[70556372, 74320528, 71695974, 71729780, 73503944, 73686905, 73830999, 71400211, 72899066, 72868341]"
helper,[280782]
outliers,"[70579743, 73916972, 70682509, 73676886, 73802995]"
scrapy,"[73931848, 70636513, 71604538, 71847542]"
visualization,"[73949023, 74148534, 74213176, 74329144, 74524671, 73913138, 74688095, 74707842, 74887601, 74921884]"
netcdf,[395726]
python-xarray,"[73957260, 70690081, 74098518]"
zarr,[395726]
implementation,[396972]
python-3.7,[60132]
pytorch,"[72818221, 74170826, 71534239, 74497166, 70865699, 72155142, 73280368, 71331129, 74643176, 72855092, 73040621, 74824266]"
python-re,[62160]
graph-theory,"[70625092, 72909936]"
plotly-python,"[73999494, 70645760, 74247128, 73851229]"
graphics,"[74006593, 71706108]"
angle,"[74006593, 73202695]"
multiple-columns,[400816]
entropy,"[74022832, 73367630, 74775126]"
tf.keras,"[74001352, 72021549, 73461982, 74837471]"
lasso-regression,[401519]
date,"[74014567, 74230856, 74323692, 71624652, 73549651, 71310069, 74817271]"
k-fold,"[74026782, 74081015]"
addition,[403065]
heatmap,"[70645760, 74465808]"
interactive,[64576]
group-by,"[74054226, 70689359, 74140028, 74352490, 74428514, 74445086, 74494441, 74537840, 74601457, 73280535, 73457346, 73676566, 73789655, 71850187, 74773713, 74947287]"
multilabel-classification,"[70668470, 74549641]"
pca,"[70675944, 74295038, 73900116, 74667345, 72866451]"
data-cleaning,"[70681490, 74088692, 74288691, 74303148, 71607529, 71626366, 71628304, 71635814, 71740225, 71044465, 73190416, 73297032, 73672354, 71435589, 74662109, 74691393, 72893719, 72903381, 72986245, 74833767, 74944314, 74954392]"
monitoring,[406312]
pandas-loc,[69797]
allennlp,[71217]
stock,[411799]
powerbi,"[74130606, 73067795, 74745340, 72984111]"
sensors,[411806]
indexing,"[74119307, 70835527, 71325832]"
data-handling,[412621]
automation,[414230]
case,[414076]
torch,"[74170826, 71331129, 72855092]"
tabula,[419364]
path-finding,[414266]
conda,[418660]
aws-glue,"[70748516, 74933606]"
mlxtend,[420988]
pandas-melt,[75878]
loaddata,[421317]
visual-studio-code,"[74241047, 71148779, 74662799, 72986245]"
pyodide,[424104]
parsing,[423887]
apply,"[74241439, 73479303, 74776305]"
average,[423709]
python-imaging-library,[149184]
github,[75072]
distance-matrix,[424800]
lda,[428425]
xlsxwriter,[425914]
huggingface-transformers,"[74286527, 74497166, 71974438]"
fine-tune,"[74286527, 74902506]"
principal,[429503]
hub,"[71534239, 71539821, 71539946, 71550416, 71595867, 71639825]"
amazon-s3,"[71539946, 73708204]"
minio,[153994]
grouping,[154532]
upload,[155041]
formula,[155306]
equation,[155306]
counter,[77534]
osmnx,[159279]
c#,[432696]
selenium,"[71604538, 73737340, 71843174, 72943817]"
analysis,"[71600115, 73312085]"
nested-loops,[433236]
key,[161667]
workflow,[160778]
prefect,"[71607789, 73179954]"
interpolation,[162830]
export-to-csv,[434860]
pydantic,[435502]
geopandas,"[71643384, 72157515, 71359323, 71869607]"
folium,"[71643384, 72004956]"
crosstab,[166596]
windows,[437540]
parallel-processing,[437694]
rust-polars,"[74405080, 74412374, 73516000]"
categorical,[439831]
writefile,[168648]
federated-learning,"[74424083, 74596793, 73083132]"
io,[444727]
perlin-noise,[168654]
timeserieschart,[446580]
character,[447860]
runumap,[449314]
correlation,"[71696782, 72095659, 73415109, 74651022, 72827563, 72880499, 73036098, 71891029]"
cryptocurrency,[450887]
filter,"[71717732, 74946132]"
simulation,"[74510597, 72893026]"
random,[451125]
montecarlo,[451125]
flutter,[171602]
arraylist,"[74499347, 74545933, 74534021]"
minimum,[453211]
data-fitting,"[74532115, 73281050]"
fuzzy-logic,[454596]
geospatial,"[71725996, 71869607, 74935467]"
geom-curve,[172599]
tweets,[172978]
recommendation-engine,[456497]
string,"[74579456, 70837432, 71811153, 72835883]"
linear-algebra,"[74579920, 73334426, 71209468, 71276813]"
probability,"[74579920, 73002872, 74792191]"
ibm-cloud,"[74567982, 70909861]"
linear-programming,"[74601759, 72219528]"
np,[458151]
confusion-matrix,"[74607953, 72076162, 74718879, 71818555]"
conv-neural-network,"[70810493, 74657539, 73014037, 74955186]"
watson-studio,[90986]
drive,[84394]
linguistics,[86703]
gps,[83176]
utc,[83176]
salesforce-marketing-cloud,[94559]
recurrent-neural-network,[98671]
semantic-analysis,[100706]
churn,"[70943238, 73061491]"
selenium-chromedriver,[104476]
statsmodels,"[71080383, 71959971, 72046074, 73196084, 71156615, 73033757, 74756633, 74908128]"
ipython,[107937]
stanford-nlp,[103136]
modeling,"[71130076, 74856431]"
erd,[113007]
pagerank,[113535]
lsa,[191984]
transform,[195665]
oversampling,[196220]
transformer-model,[197443]
jsonlines,[195821]
densenet,[202154]
aggregate-functions,[202537]
pivot,[201232]
dockerfile,[204431]
docker-container,[204431]
argparse,[207997]
pdf,"[72070367, 74861755]"
methods,[208999]
difference,[208999]
kubernetes,[218699]
orchestration,[218699]
kaggle,"[72200996, 73886664, 71420482, 74906232]"
full-text-search,[220629]
corpus,[220629]
sgd,[221954]
youtube-api,[222374]
escaping,[306597]
random-walk,[305790]
arangodb,[307808]
rows,[305268]
spacy,[307823]
rdf,[310065]
knowledge-graph,[310065]
multiprocessing,"[73118611, 71778635, 74803010]"
dill,[311861]
jupyter-lab,"[73091067, 74846389]"
backend,[312100]
pyomo,[312100]
text,"[73108275, 74954392]"
yolov5,[320269]
dask-distributed,[324006]
topic-modeling,"[73280153, 73301384]"
pytorch-geometric,[328036]
conditional-statements,[332797]
dbscan,"[73286502, 73679893, 74841523]"
data-mining,"[73357418, 73368934]"
deployment,[333088]
curl,[335973]
sftp,[335973]
databricks,"[73376951, 73896387, 71336374]"
networking,"[73433862, 73424300]"
instagram,[344215]
byte,[342430]
siamese-network,[344204]
typeerror,"[73460795, 72902448]"
isolation-forest,[346483]
data.table,"[73475802, 73477853]"
hash,[351760]
doc2vec,[351760]
julia,[353842]
feature-selection,"[73672354, 74662308, 74704664, 74803563]"
html-parsing,[370136]
text-processing,[370136]
hazard,[371943]
distributed-computing,[377346]
database-schema,[388155]
apache-spark-sql,[389638]
rust-ndarray,[117892]
increment,[118976]
image-classification,"[71258744, 74760126]"
chatbot,[133297]
opencv,[135009]
tensorflow2.0,"[71341856, 74924763]"
r-recipes,[135355]
looker-studio,[140902]
network-flow,"[71450106, 71789322]"
flask,"[74617679, 72996952]"
neo4j-python-driver,[466189]
hyperparameters,"[74652488, 74794770]"
tagging,[466846]
mongodb,[176954]
heroku,"[74683288, 72996952]"
web-deployment,[468328]
urlopen,[178177]
django-rest-framework,[470212]
kedro,[470212]
vaex,[472565]
bayesian,[474267]
t-test,[472148]
inequalities,[473245]
weka,"[71819435, 71895885]"
dagster,[184735]
web-crawler,[184754]
rapids,[188933]
cudf,[188933]
pyspark-pandas,[288782]
mysql-workbench,[288784]
rename,[292897]
business-intelligence,[298818]
stockfish,[477630]
shinywidgets,[477903]
websphere,[478668]
information-gain,[477512]
python-multiprocessing,[480301]
yellowbrick,[480356]
pycaret,[479029]
isin,[481727]
pandas-datareader,[483534]
unit-testing,[481367]
cross-entropy,[483747]
matplotlib-animation,[484439]
split,[483568]
ocr,"[74860662, 74961042]"
anova,[486752]
aggregate,[487207]
tibble,[489213]
foreign-keys,[490482]
geom-point,[491051]
supervised-learning,[493809]
